<?xml version="1.0"?>
<TSCHSchedule xmlns:xsi="http://www.w3.org/2001/XMLSchema-instance" xsi:schemaLocation="TSCH_SCHEDULE.xsd">
  <!-- Slotframe -->
  <Slotframe macSlotframeSize="101">
    <Link slotOffset="5" channelOffset="3">
		<Option tx="true" rx="false" shared="false"/>
		<Type normal="true" advertising="false" advertisingOnly="false" />
		<Neighbor address="0A:AA:00:00:00:03" />
	</Link>
	<Link slotOffset="20" channelOffset="5">
		<Option tx="true" rx="false" shared="true"/>
		<Type normal="true" advertising="false" advertisingOnly="false" />
		<Neighbor address="0A:AA:00:00:00:03" />
	</Link>
	<Link slotOffset="13" channelOffset="10">
		<Option tx="true" rx="false" shared="true"/>
		<Type normal="true" advertising="false" advertisingOnly="false" />
		<Neighbor address="0A:AA:00:00:00:03" />
	</Link>
  </Slotframe>
</TSCHSchedule>