<?xml version="1.0"?>
<fectable>
	<fecentry>
		<id>1</id>

		<destination>10.2.1.1</destination>
		<source>10.0.1.1</source>

		<tunnel_id>1</tunnel_id>
		<lspid>100</lspid>
	</fecentry>
	<fecentry>
		<id>2</id>

		<destination>10.2.1.1</destination>
		<source>10.0.2.1</source>

		<tunnel_id>2</tunnel_id>
		<lspid>200</lspid>
	</fecentry>
	<fecentry>
		<id>3</id>

		<destination>10.2.1.1</destination>
		<source>10.0.3.1</source>

		<tunnel_id>3</tunnel_id>
		<lspid>300</lspid>
	</fecentry>
</fectable>
